Name,Group,Note
D14Ertd668e,chromatin modifier,
Sap30,chromatin modifier,
Sp100,chromatin modifier,
Hmgn3,chromatin modifier,
Tdrd7,chromatin modifier,
Mdm2,chromatin modifier,
Cdyl,chromatin modifier,
Phf6,chromatin modifier,
Il4i1,chromatin modifier,
Phc2,chromatin modifier,
Chd1,chromatin modifier,
Jarid2,chromatin modifier,
Kdm4a,chromatin modifier,
Kat2b,chromatin modifier,
Asf1a,chromatin modifier,
Prdm9,chromatin modifier,
Mina,chromatin modifier,
Chmp4b,chromatin modifier,
Brd2,chromatin modifier,
Mllt6,chromatin modifier,
Kdm5c,chromatin modifier,
Hdac1,chromatin modifier,
Stag2,chromatin modifier,
Prdm1,chromatin modifier,
Mecp2,chromatin modifier,
Morf4l2,chromatin modifier,
Prmt2,chromatin modifier,
Sirt1,chromatin modifier,
Chmp2a,chromatin modifier,
Chmp1b,chromatin modifier,
Epc1,chromatin modifier,
Tspyl1,chromatin modifier,
Prdm4,chromatin modifier,
Kdm6b,chromatin modifier,
Mbd2,chromatin modifier,
Gatad2a,chromatin modifier,
Kdm1a,chromatin modifier,
Baz2a,chromatin modifier,
Chmp5,chromatin modifier,
Phf8,chromatin modifier,
Coq3,chromatin modifier,
Ube2a,chromatin modifier,
Ece2,chromatin modifier,
Nipbl,chromatin modifier,
Tcf20,chromatin modifier,
Dpf2,chromatin modifier,
Sirt6,chromatin modifier,
Sirt2,chromatin modifier,
Sin3b,chromatin modifier,
Hat1,chromatin modifier,
Phf10,chromatin modifier,
Smarce1,chromatin modifier,
Carm1,chromatin modifier,
Chrac1,chromatin modifier,
Chd9,chromatin modifier,
Smarca4,chromatin modifier,
Smarcd1,chromatin modifier,
Smox,chromatin modifier,
Phf15,chromatin modifier,
Snd1,chromatin modifier,
Setd5,chromatin modifier,
Mbd1,chromatin modifier,
Mdm4,chromatin modifier,
Arid4b,chromatin modifier,
Suz12,chromatin modifier,
Zmynd11,chromatin modifier,
Stag1,chromatin modifier,
Hmgxb4,chromatin modifier,
Brd7,chromatin modifier,
Gatad2b,chromatin modifier,
Mtf2,chromatin modifier,
Ehmt2,chromatin modifier,
Kdm6a,chromatin modifier,
Nap1l1,chromatin modifier,
Brd4,chromatin modifier,
Ankhd1,chromatin modifier,
Smarca5,chromatin modifier,
Fbxl19,chromatin modifier,
Kat5,chromatin modifier,
Phf21a,chromatin modifier,
Tsg101,chromatin modifier,
Smarcb1,chromatin modifier,
Cd2bp2,chromatin modifier,
Dmap1,chromatin modifier,
Ash1l,chromatin modifier,
Morf4l1,chromatin modifier,
Phc3,chromatin modifier,
Dnmt3a,chromatin modifier,
Ube2v1,chromatin modifier,
Smarcc2,chromatin modifier,
Ube2b,chromatin modifier,
Epc2,chromatin modifier,
Kdm4c,chromatin modifier,
Prmt1,chromatin modifier,
Smndc1,chromatin modifier,
Brpf1,chromatin modifier,
Uhrf2,chromatin modifier,
Setd4,chromatin modifier,
Suds3,chromatin modifier,
Hdac2,chromatin modifier,
Mbd6,chromatin modifier,
Hspbap1,chromatin modifier,
Myst1,chromatin modifier,
Chd4,chromatin modifier,
Shprh,chromatin modifier,
Alg13,chromatin modifier,
Hmga1,chromatin modifier,
Rnf25,chromatin modifier,
Smarcad1,chromatin modifier,
Rdbp,chromatin modifier,
Suv420h1,chromatin modifier,
Clock,chromatin modifier,
Setd3,chromatin modifier,
Trdmt1,chromatin modifier,
Hdac3,chromatin modifier,
Suv39h1,chromatin modifier,
A530054K11Rik,chromatin modifier,
Eed,chromatin modifier,
Ube2i,chromatin modifier,
Nsd1,chromatin modifier,
Sap18,chromatin modifier,
Taf8,chromatin modifier,
Hmgn2,chromatin modifier,
Baz1b,chromatin modifier,
Hif1an,chromatin modifier,
Rbbp4,chromatin modifier,
Ezh1,chromatin modifier,
Ss18l1,chromatin modifier,
Acin1,chromatin modifier,
Hmg20b,chromatin modifier,
Ing3,chromatin modifier,
Smn1,chromatin modifier,
Ing5,chromatin modifier,
Med8,chromatin modifier,
Brd8,chromatin modifier,
Smc1a,chromatin modifier,
Maoa,chromatin modifier,
Prmt6,chromatin modifier,
Trim33,chromatin modifier,
Nap1l4,chromatin modifier,
Ss18,chromatin modifier,
Ing1,chromatin modifier,
Mta3,chromatin modifier,
Cbx4,chromatin modifier,
Kdm1b,chromatin modifier,
Hmg20a,chromatin modifier,
Klhdc3,chromatin modifier,
Rbbp7,chromatin modifier,
Phf2,chromatin modifier,
Cbx1,chromatin modifier,
Smc4,chromatin modifier,
Trim28,chromatin modifier,
Dido1,chromatin modifier,
Msl3,chromatin modifier,
Myst2,chromatin modifier,
Sin3a,chromatin modifier,
Kdm2a,chromatin modifier,
Tsfm,chromatin modifier,
Nasp,chromatin modifier,
Mta2,chromatin modifier,
Mbd3,chromatin modifier,
Ppox,chromatin modifier,
Kdm4b,chromatin modifier,
Papola,chromatin modifier,
2310003L22Rik,chromatin modifier,
Brwd1,chromatin modifier,
Trim24,chromatin modifier,
Ssrp1,chromatin modifier,
Traf7,chromatin modifier,
Padi4,chromatin modifier,
Smyd2,chromatin modifier,
Parn,chromatin modifier,
Pds5b,chromatin modifier,
Smarcc1,chromatin modifier,
Mllt10,chromatin modifier,
Wbscr22,chromatin modifier,
Whsc2,chromatin modifier,
Set,chromatin modifier,
Lgtn,chromatin modifier,
Sirt7,chromatin modifier,
Phf12,chromatin modifier,
Kti12,chromatin modifier,
Hmgn1,chromatin modifier,
Mta1,chromatin modifier,
Smc2,chromatin modifier,
Hira,chromatin modifier,
Med20,chromatin modifier,
Hmgb1,chromatin modifier,
Tdrd3,chromatin modifier,
Mbd4,chromatin modifier,
Smarcd2,chromatin modifier,
Smyd3,chromatin modifier,
Brd3,chromatin modifier,
Ubr7,chromatin modifier,
Cbx5,chromatin modifier,
Setd6,chromatin modifier,
Mphosph8,chromatin modifier,
Ing2,chromatin modifier,
As3mt,chromatin modifier,
Kdm5b,chromatin modifier,
Topbp1,chromatin modifier,
Phf14,chromatin modifier,
Smarcal1,chromatin modifier,
Ehmt1,chromatin modifier,
G2e3,chromatin modifier,
Setdb1,chromatin modifier,
Hdac6,chromatin modifier,
Chaf1b,chromatin modifier,
Prmt7,chromatin modifier,
Ezh2,chromatin modifier,
Zmynd8,chromatin modifier,
Hdac4,chromatin modifier,
Rcc1,chromatin modifier,
Ncapd3,chromatin modifier,
Setd7,chromatin modifier,
Kat2a,chromatin modifier,
Chaf1a,chromatin modifier,
2410016O06Rik,chromatin modifier,
Prmt5,chromatin modifier,
Lbr,chromatin modifier,
Prmt3,chromatin modifier,
Dnmt1,chromatin modifier,
Smc3,chromatin modifier,
Cbx3,chromatin modifier,
Asf1b,chromatin modifier,
Mettl7a1,chromatin modifier,
Hmgb3,chromatin modifier,
Ncapd2,chromatin modifier,
Suv420h2,chromatin modifier,
Uhrf1,chromatin modifier,
Phf7,chromatin modifier,
Phf17,chromatin modifier,
D130040H23Rik,chromatin modifier,
Wbscr27,chromatin modifier,
Nap1l2,chromatin modifier,
Dnmt3b,chromatin modifier,
Hdac11,chromatin modifier,
Hdac9,chromatin modifier,
Hr,chromatin modifier,
Cbx8,chromatin modifier,
Hdac5,chromatin modifier,
Cbx6,chromatin modifier,
Cbx2,chromatin modifier,
Mettl13,chromatin modifier,
Phf19,chromatin modifier,
Sirt5,chromatin modifier,
Smarca2,chromatin modifier,
Paox,chromatin modifier,
Sirt3,chromatin modifier,
Phf1,chromatin modifier,
Rai1,chromatin modifier,
Hdac7,chromatin modifier,
Setmar,chromatin modifier,
Akap1,chromatin modifier,
Jmjd4,chromatin modifier,
Myst4,chromatin modifier,
Cbx7,chromatin modifier,
Hdac10,chromatin modifier,
Suv39h2,chromatin modifier,
Chd6,chromatin modifier,
Smyd1,chromatin modifier,
Dpf3,chromatin modifier,
Smarcd3,chromatin modifier,
Prdm16,chromatin modifier,
Prdm5,chromatin modifier,
Tspyl4,chromatin modifier,
Stag3,chromatin modifier,
Nap1l3,chromatin modifier,
Dpf1,chromatin modifier,
Kdm4d,chromatin modifier,
Chmp4c,chromatin modifier,
Nap1l5,chromatin modifier,
Aurkc,chromatin modifier,
Aire,chromatin modifier,
Tnp2,chromatin modifier,
Brdt,chromatin modifier,
Maob,chromatin modifier,
Prdm8,chromatin modifier,
Mecom,chromatin modifier,
Smc1b,chromatin modifier,
Setbp1,chromatin modifier,
Mettl7b,chromatin modifier,
Spert,chromatin modifier,
Prm3,chromatin modifier,
Tdrd1,chromatin modifier,
Tbpl2,chromatin modifier,
Sycp1,chromatin modifier,
Hmgb4,chromatin modifier,
Stk31,chromatin modifier,
Prmt8,chromatin modifier,
6430573F11Rik,chromatin modifier,
Smarca1,chromatin modifier,
PRMT7,TF,
CHD7,TF,
AATF,TF,
ABT1,TF,
ADNP,TF,
ADNP2,TF,
AEBP1,TF,
AEBP2,TF,
AES,TF,
AF5Q31,TF,
AFF2,TF,
AFF3,TF,
AFF4,TF,
AGGF1,TF,
AHCTF1,TF,
AHR,TF,
AHRR,TF,
AIM2,TF,
AIP,TF,
AIRE,TF,
ALF,TF,
ALX1,TF,
ALX3,TF,
ALX4,TF,
ANAPC11,TF,
ANKRA2,TF,
ANKRD30A,TF,
AOF2,TF,
AR,TF,
ARGFX,TF,
ARID1A,TF,
ARID1B,TF,
ARID3A,TF,
ARID4A,TF,
ARID5A,TF,
ARID5B,TF,
ARNT,TF,
ARNT2,TF,
ARNTL,TF,
ARNTL2,TF,
ARX,TF,
ASCL1,TF,
ASCL2,TF,
ASCL3,TF,
ASCL4,TF,
ASH1L,TF,
ASH2L,TF,
ASXL1,TF,
ATBF1,TF,
ATF1,TF,
ATF2,TF,
ATF3,TF,
ATF4,TF,
ATF5,TF,
ATF6,TF,
ATF7,TF,
ATF7IP,TF,
ATOH1,TF,
ATOH7,TF,
ATOH8,TF,
ATRX,TF,
ATXN3,TF,
BACH1,TF,
BACH2,TF,
BAPX1,TF,
BARHL1,TF,
BARHL2,TF,
BARX1,TF,
BARX2,TF,
BAT2D1,TF,
BATF,TF,
BATF2,TF,
BATF3,TF,
BAZ1A,TF,
BAZ1B,TF,
BAZ2A,TF,
BAZ2B,TF,
BBX,TF,
BC37295_3,TF,
BCL11A,TF,
BCL11B,TF,
BCL3,TF,
BCL6,TF,
BCL6B,TF,
BCLAF1,TF,
BDP1,TF,
BGLAP,TF,
BHLHB2,TF,
BHLHB3,TF,
BHLHB4,TF,
BHLHB5,TF,
BHLHB8,TF,
BLOC1S1,TF,
BLZF1,TF,
BMI1,TF,
BMP2,TF,
BNC1,TF,
BNC2,TF,
BOLA2,TF,
BRCA1,TF,
BRCA2,TF,
BRD1,TF,
BRD8,TF,
BRDT,TF,
BRF1,TF,
BRPF1,TF,
BRPF3,TF,
BRUNOL4,TF,
BTAF1,TF,
BTBD14B,TF,
BTBD4,TF,
BTF3,TF,
BTG1,TF,
BTG2,TF,
BUD31,TF,
C10ORF117,TF,
C10ORF48,TF,
C11ORF13,TF,
C11ORF30,TF,
C14ORF43,TF,
C14ORF92,TF,
C16ORF5,TF,
C16ORF80,TF,
C19ORF2,TF,
C1D,TF,
C20ORF100,TF,
C20ORF151,TF,
C20ORF17,TF,
C20ORF20,TF,
C21ORF66,TF,
C21ORF7,TF,
C2ORF3,TF,
C6ORF113,TF,
C6ORF94,TF,
C8ORF70,TF,
C9ORF152,TF,
C9ORF157,TF,
CALR,TF,
CAMTA1,TF,
CAMTA2,TF,
CAND1,TF,
CAND2,TF,
CART1,TF,
CASP8AP2,TF,
CASZ1,TF,
CBFA2T2,TF,
CBFA2T3,TF,
CBFB,TF,
CBX2,TF,
CBX3,TF,
CBX4,TF,
CBX6,TF,
CBX7,TF,
CBX8,TF,
CCDC71,TF,
CCDC79,TF,
CCNC,TF,
CCNE1,TF,
CCNH,TF,
CCNL1,TF,
CCNL2,TF,
CCNT1,TF,
CCNT2,TF,
CCRN4L,TF,
CDC5L,TF,
CDCA4,TF,
CDK7,TF,
CDK8,TF,
CDK9,TF,
CDKN2A,TF,
CDX1,TF,
CDX2,TF,
CDX4,TF,
CEBPA,TF,
CEBPB,TF,
CEBPD,TF,
CEBPE,TF,
CEBPG,TF,
CEBPZ,TF,
CENPB,TF,
CGI-143,TF,
CHAF1A,TF,
CHAF1B,TF,
CHD1,TF,
CHD2,TF,
CHD3,TF,
CHD4,TF,
CHD5,TF,
CHD6,TF,
CHD8,TF,
CHES1,TF,
CHURC1,TF,
CHX10,TF,
CIC,TF,
CIITA,TF,
CIP29,TF,
CIR,TF,
CITED1,TF,
CITED2,TF,
CITED4,TF,
CIZ1,TF,
CLOCK,TF,
CNBP,TF,
CNNM3,TF,
CNOT1,TF,
CNOT2,TF,
CNOT3,TF,
CNOT4,TF,
CNOT6,TF,
CNOT7,TF,
CNOT8,TF,
COBRA1,TF,
COMMD3,TF,
COPS2,TF,
COPS5,TF,
CRAMP1L,TF,
CREB1,TF,
CREB3,TF,
CREB3L1,TF,
CREB3L2,TF,
CREB3L3,TF,
CREB3L4,TF,
CREB5,TF,
CREBBP,TF,
CREBL1,TF,
CREBL2,TF,
CREBZF,TF,
CREG1,TF,
CREM,TF,
CRI1,TF,
CRK,TF,
CRK7,TF,
CRSP2,TF,
CRSP3,TF,
CRSP6,TF,
CRSP7,TF,
CRSP8,TF,
CRSP9,TF,
CRTC1,TF,
CRTC3,TF,
CRX,TF,
CSDA,TF,
CSEN,TF,
CTBP1,TF,
CTBP2,TF,
CTCF,TF,
CTCFL,TF,
CTNNB1,TF,
CTNNBIP1,TF,
CUGBP1,TF,
CUTL1,TF,
CUTL2,TF,
CUX1,TF,
CUX2,TF,
CXORF43,TF,
CXXC1,TF,
CXYORF3,TF,
DACH1,TF,
DACH2,TF,
DAXX,TF,
DBP,TF,
DBX1,TF,
DBX2,TF,
DCP1A,TF,
DCP1B,TF,
DDIT3,TF,
DDX54,TF,
DEAF1,TF,
DEDD,TF,
DEDD2,TF,
DEK,TF,
DEPDC7,TF,
DGCR6L,TF,
DICER1,TF,
DIP13B,TF,
DKFZP434I1610,TF,
DKFZP667B0210,TF,
DKFZP779O175,TF,
DLL1,TF,
DLL3,TF,
DLL4,TF,
DLX1,TF,
DLX2,TF,
DLX3,TF,
DLX4,TF,
DLX5,TF,
DLX6,TF,
DMAP1,TF,
DMBX1,TF,
DMRT1,TF,
DMRT2,TF,
DMRT3,TF,
DMRTA1,TF,
DMRTA2,TF,
DMRTB1,TF,
DMRTC2,TF,
DMTF1,TF,
DNER,TF,
DNM2,TF,
DNMT1,TF,
DNMT3L,TF,
DNTTIP1,TF,
DPF1,TF,
DPF2,TF,
DPRX,TF,
DR1,TF,
DRAP1,TF,
DRGX,TF,
DSCR1,TF,
DTX1,TF,
DTX2,TF,
DTX3,TF,
DTX3L,TF,
DUX1,TF,
DUX2,TF,
DUX3,TF,
DUX4,TF,
DUX5,TF,
DUXA,TF,
E2F1,TF,
E2F2,TF,
E2F3,TF,
E2F4,TF,
E2F5,TF,
E2F6,TF,
E2F7,TF,
E2F8,TF,
E4F1,TF,
EAP30,TF,
EBF,TF,
EBF1,TF,
EBF2,TF,
EBF3,TF,
EBF4,TF,
ECD,TF,
EDA,TF,
EDA2R,TF,
EDF1,TF,
EED,TF,
EGR1,TF,
EGR2,TF,
EGR3,TF,
EGR4,TF,
EHF,TF,
EIF3S3,TF,
ELAVL2,TF,
ELF1,TF,
ELF2,TF,
ELF3,TF,
ELF4,TF,
ELF5,TF,
ELK1,TF,
ELK3,TF,
ELK4,TF,
ELL,TF,
ELL2,TF,
ELL3,TF,
EMX1,TF,
EMX2,TF,
EN1,TF,
EN2,TF,
EOMES,TF,
EP300,TF,
EPAS1,TF,
EPC1,TF,
ERF,TF,
ERG,TF,
ERH,TF,
ESR1,TF,
ESR2,TF,
ESRRA,TF,
ESRRB,TF,
ESRRG,TF,
ESX1,TF,
ESX1L,TF,
ETS1,TF,
ETS2,TF,
ETV1,TF,
ETV2,TF,
ETV3,TF,
ETV3L,TF,
ETV4,TF,
ETV5,TF,
ETV6,TF,
ETV7,TF,
EVI1,TF,
EVX1,TF,
EVX2,TF,
EYA1,TF,
EYA2,TF,
EYA3,TF,
EYA4,TF,
EZH1,TF,
EZH2,TF,
FALZ,TF,
FAM170A,TF,
FAM48A,TF,
FBLIM1,TF,
FBXL10,TF,
FBXL11,TF,
FERD3L,TF,
FEV,TF,
FEZF1,TF,
FEZF2,TF,
FHL1,TF,
FHL2,TF,
FHL3,TF,
FHL5,TF,
FIGLA,TF,
FIZ1,TF,
FKHL18,TF,
FLI1,TF,
FLII,TF,
FLJ10891,TF,
FLJ11011,TF,
FLJ12606,TF,
FLJ12644,TF,
FLJ12895,TF,
FLJ12994,TF,
FLJ14011,TF,
FLJ14768,TF,
FLJ14959,TF,
FLJ14981,TF,
FLJ16231,TF,
FLJ16478,TF,
FLJ16517,TF,
FLJ16542,TF,
FLJ20097,TF,
FLJ20203,TF,
FLJ20344,TF,
FLJ20449,TF,
FLJ20626,TF,
FLJ21616,TF,
FLJ23199,TF,
FLJ23311,TF,
FLJ23436,TF,
FLJ23506,TF,
FLJ23749,TF,
FLJ25169,TF,
FLJ25476,TF,
FLJ25680,TF,
FLJ31295,TF,
FLJ31413,TF,
FLJ31875,TF,
FLJ32112,TF,
FLJ32130,TF,
FLJ32384,TF,
FLJ35867,TF,
FLJ35954,TF,
FLJ36749,TF,
FLJ37970,TF,
FLJ38144,TF,
FLJ38281,TF,
FLJ39963,TF,
FLJ40311,TF,
FLJ40712,TF,
FLJ46189,TF,
FLJ46385,TF,
FLJ90396,TF,
FLJ90430,TF,
FOS,TF,
FOSB,TF,
FOSL1,TF,
FOSL2,TF,
FOXA1,TF,
FOXA2,TF,
FOXA3,TF,
FOXB1,TF,
FOXB2,TF,
FOXC1,TF,
FOXC2,TF,
FOXD1,TF,
FOXD2,TF,
FOXD3,TF,
FOXD4,TF,
FOXD4B,TF,
FOXD4L1,TF,
FOXD4L2,TF,
FOXD4L3,TF,
FOXD4L4,TF,
FOXD4L6,TF,
FOXE1,TF,
FOXE3,TF,
FOXF1,TF,
FOXF2,TF,
FOXG1,TF,
FOXG1B,TF,
FOXH1,TF,
FOXI1,TF,
FOXJ1,TF,
FOXJ2,TF,
FOXJ3,TF,
FOXK2,TF,
FOXL1,TF,
FOXL2,TF,
FOXM1,TF,
FOXN1,TF,
FOXN2,TF,
FOXN3,TF,
FOXN4,TF,
FOXO1,TF,
FOXO1A,TF,
FOXO3,TF,
FOXO3A,TF,
FOXO4,TF,
FOXP1,TF,
FOXP2,TF,
FOXP3,TF,
FOXP4,TF,
FOXQ1,TF,
FOXR1,TF,
FOXR2,TF,
FOXS1,TF,
FSBP,TF,
FUBP1,TF,
FUBP3,TF,
FUS,TF,
G10,TF,
G22P1,TF,
GABPA,TF,
GABPB1,TF,
GABPB2,TF,
GAS7,TF,
GATA1,TF,
GATA2,TF,
GATA3,TF,
GATA4,TF,
GATA5,TF,
GATA6,TF,
GATAD1,TF,
GBX1,TF,
GBX2,TF,
GCM1,TF,
GCM2,TF,
GCN5L2,TF,
GFI1,TF,
GFI1B,TF,
GIOT-1,TF,
GLI1,TF,
GLI2,TF,
GLI3,TF,
GLI4,TF,
GLIS1,TF,
GLIS2,TF,
GLIS3,TF,
GLRX2,TF,
GLYCTK,TF,
GM632,TF,
GMEB1,TF,
GMEB2,TF,
GNPTAB,TF,
GOLGB1,TF,
GON4L,TF,
GRHL1,TF,
GRHL2,TF,
GRHL3,TF,
GRIM19,TF,
GRLF1,TF,
GSC,TF,
GSC2,TF,
GSCL,TF,
GSH-2,TF,
GSH1,TF,
GSH2,TF,
GSX1,TF,
GSX2,TF,
GTF2A1,TF,
GTF2A2,TF,
GTF2B,TF,
GTF2E1,TF,
GTF2E2,TF,
GTF2F1,TF,
GTF2F2,TF,
GTF2H1,TF,
GTF2H2,TF,
GTF2H3,TF,
GTF2H4,TF,
GTF2H5,TF,
GTF2I,TF,
GTF2IRD1,TF,
GTF3A,TF,
GTF3C1,TF,
GTF3C2,TF,
GTF3C3,TF,
GTF3C4,TF,
GTF3C5,TF,
GZF1,TF,
H-PLK,TF,
HAND1,TF,
HAND2,TF,
HBP1,TF,
HBXAP,TF,
HCFC1,TF,
HCFC2,TF,
HCLS1,TF,
HD,TF,
HDAC1,TF,
HDAC10,TF,
HDAC11,TF,
HDAC2,TF,
HDAC3,TF,
HDAC4,TF,
HDAC5,TF,
HDAC6,TF,
HDAC7A,TF,
HDAC8,TF,
HDAC9,TF,
HDGFL1,TF,
HDX,TF,
HELT,TF,
HES1,TF,
HES2,TF,
HES3,TF,
HES4,TF,
HES5,TF,
HES6,TF,
HES7,TF,
HESX1,TF,
HEXIM1,TF,
HEY1,TF,
HEY2,TF,
HEYL,TF,
HHEX,TF,
HIC1,TF,
HIC2,TF,
HIF1A,TF,
HIF1AN,TF,
HIF3A,TF,
HILS1,TF,
HIP2,TF,
HIRA,TF,
HIS1,TF,
HIVEP1,TF,
HIVEP2,TF,
HIVEP3,TF,
HKR1,TF,
HKR2,TF,
HLF,TF,
HLX,TF,
HLX1,TF,
HLXB9,TF,
HMBOX1,TF,
HMG1L1,TF,
HMG20A,TF,
HMG20B,TF,
HMG2L1,TF,
HMGA1,TF,
HMGA2,TF,
HMGB1,TF,
HMGB2,TF,
HMGB3,TF,
HMX1,TF,
HMX3,TF,
HNF1A,TF,
HNF1B,TF,
HNF4A,TF,
HNF4G,TF,
HNRPD,TF,
HOMEZ,TF,
HOP,TF,
HOXA1,TF,
HOXA10,TF,
HOXA11,TF,
HOXA13,TF,
HOXA2,TF,
HOXA3,TF,
HOXA4,TF,
HOXA5,TF,
HOXA6,TF,
HOXA7,TF,
HOXA9,TF,
HOXB1,TF,
HOXB13,TF,
HOXB2,TF,
HOXB3,TF,
HOXB4,TF,
HOXB5,TF,
HOXB6,TF,
HOXB7,TF,
HOXB8,TF,
HOXB9,TF,
HOXC10,TF,
HOXC11,TF,
HOXC12,TF,
HOXC13,TF,
HOXC4,TF,
HOXC5,TF,
HOXC6,TF,
HOXC8,TF,
HOXC9,TF,
HOXD1,TF,
HOXD10,TF,
HOXD11,TF,
HOXD12,TF,
HOXD13,TF,
HOXD3,TF,
HOXD4,TF,
HOXD8,TF,
HOXD9,TF,
HOZFP,TF,
HR,TF,
HSBP1,TF,
HSCARG,TF,
HSF1,TF,
HSF2,TF,
HSF2BP,TF,
HSF4,TF,
HSF5,TF,
HSFX1,TF,
HSFY1,TF,
HSFY2,TF,
HSGT1,TF,
HSZFP36,TF,
HTATIP,TF,
HTATIP2,TF,
HTATSF1,TF,
HTLF,TF,
ID1,TF,
ID2,TF,
ID3,TF,
ID4,TF,
IFI16,TF,
IFI35,TF,
IFNK,TF,
IGHMBP2,TF,
IKZF1,TF,
IKZF2,TF,
IKZF3,TF,
IKZF4,TF,
IKZF5,TF,
IL31RA,TF,
ILF2,TF,
ILF3,TF,
ING1,TF,
ING2,TF,
ING3,TF,
ING4,TF,
ING5,TF,
INSM1,TF,
INSM2,TF,
IPF1,TF,
IRF1,TF,
IRF2,TF,
IRF3,TF,
IRF4,TF,
IRF5,TF,
IRF6,TF,
IRF7,TF,
IRF8,TF,
IRF9,TF,
IRX1,TF,
IRX2,TF,
IRX3,TF,
IRX4,TF,
IRX5,TF,
IRX6,TF,
ISGF3G,TF,
ISL1,TF,
ISL2,TF,
ISX,TF,
ITGB3BP,TF,
JAG1,TF,
JAG2,TF,
JARID1A,TF,
JARID1B,TF,
JARID2,TF,
JAZF1,TF,
JDP2,TF,
JMJD1A,TF,
JMJD1B,TF,
JMJD1C,TF,
JMJD2A,TF,
JMJD2B,TF,
JMJD2C,TF,
JUN,TF,
JUNB,TF,
JUND,TF,
KCMF1,TF,
KEAP1,TF,
KIAA0352,TF,
KIAA0363,TF,
KIAA0478,TF,
KIAA0543,TF,
KIAA0863,TF,
KIAA0934,TF,
KIAA0961,TF,
KIAA1045,TF,
KIAA1055,TF,
KIAA1285,TF,
KIAA1333,TF,
KIAA1404,TF,
KIAA1443,TF,
KIAA1536,TF,
KIAA1542,TF,
KIAA1549,TF,
KIAA1559,TF,
KIAA1618,TF,
KIAA1627,TF,
KIAA1683,TF,
KIAA1718,TF,
KIAA1729,TF,
KIAA1841,TF,
KIAA1862,TF,
KIAA1915,TF,
KLF1,TF,
KLF10,TF,
KLF11,TF,
KLF12,TF,
KLF13,TF,
KLF14,TF,
KLF15,TF,
KLF16,TF,
KLF17,TF,
KLF2,TF,
KLF3,TF,
KLF4,TF,
KLF5,TF,
KLF6,TF,
KLF7,TF,
KLF8,TF,
KLF9,TF,
KLP1,TF,
L3MBTL,TF,
L3MBTL2,TF,
L3MBTL3,TF,
L3MBTL4,TF,
LAF4,TF,
LASS2,TF,
LASS3,TF,
LASS4,TF,
LASS5,TF,
LASS6,TF,
LBX1,TF,
LBX2,TF,
LBXCOR1,TF,
LCOR,TF,
LCORL,TF,
LDB1,TF,
LDB2,TF,
LEF1,TF,
LEREPO4,TF,
LEUTX,TF,
LHX1,TF,
LHX2,TF,
LHX3,TF,
LHX4,TF,
LHX5,TF,
LHX6,TF,
LHX8,TF,
LHX9,TF,
LIMD1,TF,
LIMK1,TF,
LIN28,TF,
LIN28B,TF,
LIN9,TF,
LITAF,TF,
LMO1,TF,
LMO2,TF,
LMO3,TF,
LMO4,TF,
LMX1A,TF,
LMX1B,TF,
LOC115509,TF,
LOC115648,TF,
LOC124751,TF,
LOC125893,TF,
LOC126295,TF,
LOC127540,TF,
LOC132556,TF,
LOC139542,TF,
LOC139735,TF,
LOC146542,TF,
LOC148206,TF,
LOC152485,TF,
LOC153222,TF,
LOC163131,TF,
LOC163223,TF,
LOC163233,TF,
LOC202201,TF,
LOC284323,TF,
LOC285563,TF,
LOC285697,TF,
LOC286075,TF,
LOC339344,TF,
LOC340260,TF,
LOC340501,TF,
LOC340765,TF,
LOC344167,TF,
LOC344191,TF,
LOC347273,TF,
LOC388962,TF,
LOC389631,TF,
LOC390259,TF,
LOC390386,TF,
LOC390754,TF,
LOC390980,TF,
LOC390992,TF,
LOC391360,TF,
LOC391742,TF,
LOC391746,TF,
LOC391747,TF,
LOC391749,TF,
LOC391761,TF,
LOC391763,TF,
LOC391764,TF,
LOC391766,TF,
LOC391767,TF,
LOC392152,TF,
LOC392314,TF,
LOC399839,TF,
LOC401898,TF,
LOC402199,TF,
LOC440053,TF,
LOC440973,TF,
LOC441189,TF,
LOC441795,TF,
LOC441921,TF,
LOC441955,TF,
LOC442747,TF,
LOC642658,TF,
LOC643001,TF,
LOC644524,TF,
LOC90321,TF,
LOC91120,TF,
LOC91661,TF,
LRRFIP1,TF,
LRRFIP2,TF,
LW-1,TF,
LYL1,TF,
LZTR1,TF,
LZTS1,TF,
M96,TF,
MAEL,TF,
MAF,TF,
MAF1,TF,
MAFA,TF,
MAFB,TF,
MAFF,TF,
MAFG,TF,
MAFK,TF,
MAML1,TF,
MAML2,TF,
MAML3,TF,
MAX,TF,
MAZ,TF,
MBD1,TF,
MBD2,TF,
MBD3,TF,
MBD3L1,TF,
MBNL1,TF,
MBNL3,TF,
MBTD1,TF,
MDFI,TF,
MDFIC,TF,
MDS1,TF,
MECP2,TF,
MECT1,TF,
MED12,TF,
MED28,TF,
MED31,TF,
MED4,TF,
MED6,TF,
MED8,TF,
MEF2A,TF,
MEF2B,TF,
MEF2C,TF,
MEF2D,TF,
MEIS1,TF,
MEIS2,TF,
MEIS3,TF,
MEN1,TF,
MEOX1,TF,
MEOX2,TF,
MESP1,TF,
MESP2,TF,
MGA,TF,
MGC12466,TF,
MGC13138,TF,
MGC15631,TF,
MGC16471,TF,
MGC17403,TF,
MGC17986,TF,
MGC20410,TF,
MGC21874,TF,
MGC22014,TF,
MGC2474,TF,
MGC27466,TF,
MGC2749,TF,
MGC2941,TF,
MGC29891,TF,
MGC35138,TF,
MGC35402,TF,
MGC42415,TF,
MGC48625,TF,
MGC62100,TF,
MGC70870,TF,
MHC2TA,TF,
MIER1,TF,
MIER3,TF,
MIST1,TF,
MITF,TF,
MIXL1,TF,
MIZF,TF,
MKI67IP,TF,
MKL1,TF,
MKL2,TF,
MKX,TF,
MLL,TF,
MLL2,TF,
MLL3,TF,
MLL4,TF,
MLL5,TF,
MLLT1,TF,
MLLT10,TF,
MLLT2,TF,
MLLT3,TF,
MLLT6,TF,
MLLT7,TF,
MLX,TF,
MLXIP,TF,
MLXIPL,TF,
MMS19L,TF,
MNDA,TF,
MNT,TF,
MNX1,TF,
MONDOA,TF,
MORF4,TF,
MORF4L1,TF,
MORF4L2,TF,
MSC,TF,
MSL3L1,TF,
MSRB2,TF,
MSX1,TF,
MSX2,TF,
MTA1,TF,
MTA2,TF,
MTA3,TF,
MTERF,TF,
MTF1,TF,
MTF2,TF,
MXD1,TF,
MXD3,TF,
MXD4,TF,
MXI1,TF,
MYB,TF,
MYBBP1A,TF,
MYBL1,TF,
MYBL2,TF,
MYC,TF,
MYCBP,TF,
MYCL1,TF,
MYCL2,TF,
MYCN,TF,
MYCPBP,TF,
MYEF2,TF,
MYF5,TF,
MYF6,TF,
MYNN,TF,
MYOCD,TF,
MYOD1,TF,
MYOG,TF,
MYST1,TF,
MYST2,TF,
MYST3,TF,
MYST4,TF,
MYT1,TF,
MYT1L,TF,
MZF1,TF,
NAB1,TF,
NAB2,TF,
NACA,TF,
NACAL,TF,
NALP12,TF,
NANOG,TF,
NCOA1,TF,
NCOA2,TF,
NCOA3,TF,
NCOA4,TF,
NCOA5,TF,
NCOA6,TF,
NCOR1,TF,
NCOR2,TF,
NDN,TF,
NEUROD1,TF,
NEUROD2,TF,
NEUROD4,TF,
NEUROD6,TF,
NEUROG1,TF,
NEUROG2,TF,
NEUROG3,TF,
NFAM1,TF,
NFAT5,TF,
NFATC1,TF,
NFATC2,TF,
NFATC3,TF,
NFATC4,TF,
NFE2,TF,
NFE2L1,TF,
NFE2L2,TF,
NFE2L3,TF,
NFIA,TF,
NFIB,TF,
NFIC,TF,
NFIL3,TF,
NFIX,TF,
NFKB1,TF,
NFKB2,TF,
NFKBIA,TF,
NFKBIB,TF,
NFKBIE,TF,
NFKBIL1,TF,
NFKBIL2,TF,
NFRKB,TF,
NFX1,TF,
NFXL1,TF,
NFYA,TF,
NFYB,TF,
NFYC,TF,
NHLH1,TF,
NHLH2,TF,
NKRF,TF,
NKX1-1,TF,
NKX2-1,TF,
NKX2-2,TF,
NKX2-3,TF,
NKX2-4,TF,
NKX2-5,TF,
NKX2-6,TF,
NKX2-8,TF,
NKX3-1,TF,
NKX3-2,TF,
NKX6-1,TF,
NKX6-2,TF,
NKX6-3,TF,
NMI,TF,
NMRAL1,TF,
NOBOX,TF,
NONO,TF,
NOTCH1,TF,
NOTCH2,TF,
NOTCH3,TF,
NOTCH4,TF,
NOTO,TF,
NPAS1,TF,
NPAS2,TF,
NPAS3,TF,
NPAS4,TF,
NPM1,TF,
NR0B1,TF,
NR0B2,TF,
NR1D1,TF,
NR1D2,TF,
NR1H2,TF,
NR1H3,TF,
NR1H4,TF,
NR1I2,TF,
NR1I3,TF,
NR2C1,TF,
NR2C2,TF,
NR2E1,TF,
NR2E3,TF,
NR2F1,TF,
NR2F2,TF,
NR2F6,TF,
NR3C1,TF,
NR3C2,TF,
NR4A1,TF,
NR4A2,TF,
NR4A3,TF,
NR5A1,TF,
NR5A2,TF,
NR6A1,TF,
NRBF2,TF,
NRF1,TF,
NRG1,TF,
NRIP1,TF,
NRIP2,TF,
NRIP3,TF,
NRL,TF,
NSBP1,TF,
NSD1,TF,
NSEP1,TF,
NT5C,TF,
ODAG,TF,
OIP106,TF,
OLIG1,TF,
OLIG2,TF,
OLIG3,TF,
ONECUT1,TF,
ONECUT2,TF,
ONECUT3,TF,
OSR1,TF,
OSR2,TF,
OTEX,TF,
OTP,TF,
OTX1,TF,
OTX2,TF,
OVCA2,TF,
OVOL1,TF,
OVOL2,TF,
P66BETA,TF,
PA2G4,TF,
PAF53,TF,
PARD6A,TF,
PARN,TF,
PASD1,TF,
PATZ1,TF,
PAWR,TF,
PAX1,TF,
PAX2,TF,
PAX3,TF,
PAX4,TF,
PAX5,TF,
PAX6,TF,
PAX7,TF,
PAX8,TF,
PAX9,TF,
PB1,TF,
PBX1,TF,
PBX2,TF,
PBX3,TF,
PBX4,TF,
PBXIP1,TF,
PC4,TF,
PCAF,TF,
PCBD2,TF,
PCGF1,TF,
PCGF2,TF,
PCGF3,TF,
PCGF4,TF,
PCGF6,TF,
PCM1,TF,
PCQAP,TF,
PDCD2,TF,
PDX1,TF,
PEG3,TF,
PEPP-2,TF,
PER1,TF,
PER2,TF,
PER3,TF,
PFDN1,TF,
PFDN5,TF,
PGBD1,TF,
PGEA1,TF,
PGR,TF,
PHB,TF,
PHB2,TF,
PHF1,TF,
PHF10,TF,
PHF12,TF,
PHF13,TF,
PHF14,TF,
PHF15,TF,
PHF16,TF,
PHF17,TF,
PHF19,TF,
PHF2,TF,
PHF20,TF,
PHF20L1,TF,
PHF21A,TF,
PHF23,TF,
PHF3,TF,
PHF5A,TF,
PHF6,TF,
PHF8,TF,
PHOX2A,TF,
PHOX2B,TF,
PHTF1,TF,
PHTF2,TF,
PIAS1,TF,
PIAS2,TF,
PIAS3,TF,
PIAS4,TF,
PIPPIN,TF,
PIR,TF,
PITX1,TF,
PITX2,TF,
PITX3,TF,
PJA2,TF,
PKNOX1,TF,
PKNOX2,TF,
PLAG1,TF,
PLAGL1,TF,
PLAGL2,TF,
PLEKHF2,TF,
PLRG1,TF,
PMF1,TF,
PMFBP1,TF,
PML,TF,
PMS2L3,TF,
PNLDC1,TF,
PNN,TF,
PNRC1,TF,
PNRC2,TF,
POFUT1,TF,
POGK,TF,
POLE3,TF,
POU1F1,TF,
POU2AF1,TF,
POU2F1,TF,
POU2F2,TF,
POU2F3,TF,
POU3F1,TF,
POU3F2,TF,
POU3F3,TF,
POU3F4,TF,
POU4F1,TF,
POU4F2,TF,
POU4F3,TF,
POU5F1,TF,
POU6F1,TF,
POU6F2,TF,
PPARA,TF,
PPARBP,TF,
PPARD,TF,
PPARG,TF,
PPARGC1A,TF,
PPARGC1B,TF,
PPIE,TF,
PPRC1,TF,
PQBP1,TF,
PRDM1,TF,
PRDM10,TF,
PRDM12,TF,
PRDM13,TF,
PRDM14,TF,
PRDM15,TF,
PRDM16,TF,
PRDM2,TF,
PRDM4,TF,
PRDM5,TF,
PRDM6,TF,
PRDM7,TF,
PRDM8,TF,
PRDM9,TF,
PREB,TF,
PRIC285,TF,
PROP1,TF,
PROX1,TF,
PROX2,TF,
PRRX1,TF,
PRRX2,TF,
PSIP1,TF,
PSMC3,TF,
PTF1A,TF,
PTGER3,TF,
PTMA,TF,
PTOV1,TF,
PTRF,TF,
PTTG1,TF,
PTTG2,TF,
PURA,TF,
PURB,TF,
PWP1,TF,
PYCR1,TF,
PYGO1,TF,
PYGO2,TF,
PYHIN1,TF,
RAI1,TF,
RAI17,TF,
RAP80,TF,
RARA,TF,
RARB,TF,
RARG,TF,
RAX,TF,
RAX2,TF,
RAXL1,TF,
RAXLX,TF,
RB1,TF,
RB1CC1,TF,
RBAK,TF,
RBBP4,TF,
RBBP8,TF,
RBL1,TF,
RBL2,TF,
RBM24,TF,
RBM38,TF,
RBPJ,TF,
RBPJL,TF,
RBPSUH,TF,
RBPSUHL,TF,
RBX1,TF,
RCOR1,TF,
RCOR2,TF,
RCOR3,TF,
REL,TF,
RELA,TF,
RELB,TF,
REPIN1,TF,
RERE,TF,
REST,TF,
REXO4,TF,
RFC1,TF,
RFP,TF,
RFX1,TF,
RFX2,TF,
RFX3,TF,
RFX4,TF,
RFX5,TF,
RFX7,TF,
RFXANK,TF,
RFXAP,TF,
RFXDC1,TF,
RFXDC2,TF,
RHOXF1,TF,
RHOXF2,TF,
RING1,TF,
RKHD3,TF,
RLF,TF,
RNF11,TF,
RNF12,TF,
RNF125,TF,
RNF138,TF,
RNF14,TF,
RNF159,TF,
RNF166,TF,
RNF185,TF,
RNF19,TF,
RNF2,TF,
RNF25,TF,
RNF4,TF,
RNF44,TF,
RNF5,TF,
RNF7,TF,
RNPS1,TF,
RORA,TF,
RORB,TF,
RORC,TF,
RP11-561O23.3,TF,
RPL6,TF,
RPL7,TF,
RPL7L1,TF,
RREB1,TF,
RUFY1,TF,
RUFY2,TF,
RUFY3,TF,
RUNDC2A,TF,
RUNX1,TF,
RUNX1T1,TF,
RUNX2,TF,
RUNX3,TF,
RUVBL1,TF,
RUVBL2,TF,
RXRA,TF,
RXRB,TF,
RXRG,TF,
RYBP,TF,
SALL1,TF,
SALL2,TF,
SALL3,TF,
SALL4,TF,
SAP18,TF,
SAP30,TF,
SATB1,TF,
SATB2,TF,
SAV1,TF,
SBDS,TF,
SBZF3,TF,
SCAND1,TF,
SCAND2,TF,
SCAP,TF,
SCMH1,TF,
SCML1,TF,
SCML2,TF,
SCRT1,TF,
SCRT2,TF,
SDCCAG33,TF,
SEBOX,TF,
SEC14L2,TF,
SERTAD1,TF,
SERTAD2,TF,
SERTAD3,TF,
SETMAR,TF,
SF1,TF,
SFMBT1,TF,
SFMBT2,TF,
SHOX,TF,
SHOX2,TF,
SIAH2,TF,
SIM1,TF,
SIM2,TF,
SIN3A,TF,
SIX1,TF,
SIX2,TF,
SIX3,TF,
SIX4,TF,
SIX5,TF,
SIX6,TF,
SKI,TF,
SKIIP,TF,
SKIL,TF,
SLC2A4RG,TF,
SMAD1,TF,
SMAD2,TF,
SMAD3,TF,
SMAD4,TF,
SMAD5,TF,
SMAD6,TF,
SMAD7,TF,
SMAD9,TF,
SMARCA1,TF,
SMARCA2,TF,
SMARCA3,TF,
SMARCA4,TF,
SMARCA5,TF,
SMARCAD1,TF,
SMARCB1,TF,
SMARCC1,TF,
SMARCC2,TF,
SMARCD1,TF,
SMARCD2,TF,
SMARCD3,TF,
SMARCE1,TF,
SMCX,TF,
SMCY,TF,
SMYD1,TF,
SMYD2,TF,
SMYD3,TF,
SMYD4,TF,
SMYD5,TF,
SNAI1,TF,
SNAI2,TF,
SNAI3,TF,
SNAPC4,TF,
SND1,TF,
SNF8,TF,
SNFT,TF,
SNURF,TF,
SNW1,TF,
SOHLH1,TF,
SOHLH2,TF,
SOLH,TF,
SOX1,TF,
SOX10,TF,
SOX11,TF,
SOX12,TF,
SOX13,TF,
SOX14,TF,
SOX15,TF,
SOX17,TF,
SOX18,TF,
SOX2,TF,
SOX21,TF,
SOX3,TF,
SOX30,TF,
SOX4,TF,
SOX5,TF,
SOX6,TF,
SOX7,TF,
SOX8,TF,
SOX9,TF,
SP1,TF,
SP100,TF,
SP110,TF,
SP2,TF,
SP3,TF,
SP4,TF,
SP5,TF,
SP6,TF,
SP7,TF,
SP8,TF,
SPDEF,TF,
SPEN,TF,
SPI1,TF,
SPIB,TF,
SPIC,TF,
SPOCD1,TF,
SPOP,TF,
SPRY1,TF,
SPRY2,TF,
SPRY3,TF,
SPRY4,TF,
SQSTM1,TF,
SRCAP,TF,
SREBF1,TF,
SREBF2,TF,
SRF,TF,
SRY,TF,
SSA2,TF,
SSRP1,TF,
SSX1,TF,
SSX2,TF,
SSX3,TF,
SSX4,TF,
SSX5,TF,
SSX6,TF,
SSX8,TF,
SSX9,TF,
ST18,TF,
STAF65(GAMMA),TF,
STAT1,TF,
STAT2,TF,
STAT3,TF,
STAT4,TF,
STAT5A,TF,
STAT5B,TF,
STAT6,TF,
STK31,TF,
SUDS3,TF,
SUFU,TF,
SUHW1,TF,
SUHW2,TF,
SUHW3,TF,
SUHW4,TF,
SUPT16H,TF,
SUPT3H,TF,
SUPT4H1,TF,
SUPT5H,TF,
SUPT6H,TF,
SURB7,TF,
SUZ12,TF,
SYBL1,TF,
SYNGAP1,TF,
T,TF,
TADA2L,TF,
TADA3L,TF,
TAF1,TF,
TAF10,TF,
TAF11,TF,
TAF15,TF,
TAF1A,TF,
TAF1B,TF,
TAF1L,TF,
TAF2,TF,
TAF3,TF,
TAF5L,TF,
TAF6L,TF,
TAF7L,TF,
TAF9L,TF,
TAL1,TF,
TAL2,TF,
TARBP1,TF,
TARBP2,TF,
TARDBP,TF,
TBL1X,TF,
TBL1XR1,TF,
TBL1Y,TF,
TBN,TF,
TBP,TF,
TBPL1,TF,
TBPL2,TF,
TBR1,TF,
TBX1,TF,
TBX10,TF,
TBX15,TF,
TBX18,TF,
TBX19,TF,
TBX2,TF,
TBX20,TF,
TBX21,TF,
TBX22,TF,
TBX3,TF,
TBX4,TF,
TBX5,TF,
TBX6,TF,
TCEA1,TF,
TCEA2,TF,
TCEAL1,TF,
TCERG1,TF,
TCF1,TF,
TCF12,TF,
TCF15,TF,
TCF19,TF,
TCF2,TF,
TCF20,TF,
TCF21,TF,
TCF23,TF,
TCF25,TF,
TCF3,TF,
TCF4,TF,
TCF7,TF,
TCF7L1,TF,
TCF7L2,TF,
TCF8,TF,
TCFL1,TF,
TCFL5,TF,
TEAD1,TF,
TEAD2,TF,
TEAD3,TF,
TEAD4,TF,
TEF,TF,
TERF1,TF,
TERF2,TF,
TERF2IP,TF,
TFAM,TF,
TFAP2A,TF,
TFAP2B,TF,
TFAP2C,TF,
TFAP2D,TF,
TFAP2E,TF,
TFAP4,TF,
TFCP2,TF,
TFCP2L1,TF,
TFDP1,TF,
TFDP2,TF,
TFDP3,TF,
TFE3,TF,
TFEB,TF,
TFEC,TF,
TGFB1I1,TF,
TGIF,TF,
TGIF1,TF,
TGIF2,TF,
TGIF2LX,TF,
TGIF2LY,TF,
TH1L,TF,
THAP7,TF,
THOC2,TF,
THRA,TF,
THRAP1,TF,
THRAP2,TF,
THRAP3,TF,
THRAP4,TF,
THRAP5,TF,
THRAP6,TF,
THRB,TF,
THRSP,TF,
TIAL1,TF,
TIF1,TF,
TIMELESS,TF,
TITF1,TF,
TIZ,TF,
TLE1,TF,
TLE2,TF,
TLE3,TF,
TLE4,TF,
TLE6,TF,
TLX1,TF,
TLX2,TF,
TLX3,TF,
TMF1,TF,
TOE1,TF,
TOX,TF,
TP53,TF,
TP53BP1,TF,
TP63,TF,
TP73,TF,
TP73L,TF,
TPRX,TF,
TPRX1,TF,
TRAPPC2,TF,
TRERF1,TF,
TRIM15,TF,
TRIM16,TF,
TRIM22,TF,
TRIM24,TF,
TRIM25,TF,
TRIM27,TF,
TRIM28,TF,
TRIM29,TF,
TRIM32,TF,
TRIM33,TF,
TRIP11,TF,
TRIP12,TF,
TRIP13,TF,
TRIP3,TF,
TRIP4,TF,
TRIP6,TF,
TRPS1,TF,
TSC22D1,TF,
TSC22D2,TF,
TSC22D3,TF,
TSC22D4,TF,
TSG101,TF,
TSHZ1,TF,
TSHZ2,TF,
TSHZ3,TF,
TTRAP,TF,
TUB,TF,
TULP4,TF,
TUSC4,TF,
TWIST1,TF,
TWIST2,TF,
TWISTNB,TF,
TZFP,TF,
UBN1,TF,
UBP1,TF,
UBTF,TF,
UBXD2,TF,
UHRF1,TF,
UHRF2,TF,
UNCX,TF,
USF1,TF,
USF2,TF,
UTF1,TF,
UTP6,TF,
UTX,TF,
UTY,TF,
VAV1,TF,
VAX1,TF,
VAX2,TF,
VDR,TF,
VENTX,TF,
VENTX2,TF,
VEZF1,TF,
VGLL1,TF,
VGLL2,TF,
VGLL4,TF,
VHL,TF,
VSX1,TF,
VSX2,TF,
WBSCR14,TF,
WDHD1,TF,
WDR39,TF,
WHSC1,TF,
WHSC1L1,TF,
WHSC2,TF,
WIZ,TF,
WT1,TF,
WWTR1,TF,
XAB2,TF,
XBP1,TF,
XPMC2H,TF,
YAF2,TF,
YAP1,TF,
YBX1,TF,
YBX2,TF,
YEATS2,TF,
YEATS4,TF,
YY1,TF,
YY1AP1,TF,
YY2,TF,
ZBED1,TF,
ZBED4,TF,
ZBTB1,TF,
ZBTB10,TF,
ZBTB11,TF,
ZBTB12,TF,
ZBTB16,TF,
ZBTB17,TF,
ZBTB2,TF,
ZBTB20,TF,
ZBTB22,TF,
ZBTB24,TF,
ZBTB25,TF,
ZBTB26,TF,
ZBTB3,TF,
ZBTB32,TF,
ZBTB33,TF,
ZBTB34,TF,
ZBTB37,TF,
ZBTB38,TF,
ZBTB39,TF,
ZBTB4,TF,
ZBTB40,TF,
ZBTB41,TF,
ZBTB43,TF,
ZBTB44,TF,
ZBTB45,TF,
ZBTB46,TF,
ZBTB47,TF,
ZBTB48,TF,
ZBTB5,TF,
ZBTB6,TF,
ZBTB7,TF,
ZBTB7A,TF,
ZBTB7B,TF,
ZBTB7C,TF,
ZBTB8,TF,
ZBTB9,TF,
ZCCHC3,TF,
ZEB1,TF,
ZEB2,TF,
ZF,TF,
ZFAT,TF,
ZFHX1B,TF,
ZFHX2,TF,
ZFHX3,TF,
ZFHX4,TF,
ZFP1,TF,
ZFP112,TF,
ZFP14,TF,
ZFP160L,TF,
ZFP161,TF,
ZFP2,TF,
ZFP276,TF,
ZFP28,TF,
ZFP3,TF,
ZFP30,TF,
ZFP36L1,TF,
ZFP36L2,TF,
ZFP37,TF,
ZFP41,TF,
ZFP42,TF,
ZFP57,TF,
ZFP62,TF,
ZFP64,TF,
ZFP67,TF,
ZFP82,TF,
ZFP91,TF,
ZFP95,TF,
ZFPL1,TF,
ZFPM1,TF,
ZFPM2,TF,
ZFX,TF,
ZFY,TF,
ZFYVE1,TF,
ZFYVE19,TF,
ZFYVE26,TF,
ZFYVE27,TF,
ZFYVE28,TF,
ZHX1,TF,
ZHX2,TF,
ZHX3,TF,
ZIC1,TF,
ZIC2,TF,
ZIC3,TF,
ZIC4,TF,
ZIC5,TF,
ZIK1,TF,
ZIM2,TF,
ZIM3,TF,
ZKSCAN1,TF,
ZKSCAN2,TF,
ZKSCAN3,TF,
ZKSCAN4,TF,
ZKSCAN5,TF,
ZMAT1,TF,
ZMAT2,TF,
ZMAT3,TF,
ZMAT4,TF,
ZMYM2,TF,
ZMYND10,TF,
ZMYND11,TF,
ZMYND12,TF,
ZMYND19,TF,
ZNF10,TF,
ZNF100,TF,
ZNF101,TF,
ZNF107,TF,
ZNF114,TF,
ZNF117,TF,
ZNF11B,TF,
ZNF12,TF,
ZNF121,TF,
ZNF124,TF,
ZNF131,TF,
ZNF132,TF,
ZNF133,TF,
ZNF134,TF,
ZNF135,TF,
ZNF136,TF,
ZNF137,TF,
ZNF138,TF,
ZNF14,TF,
ZNF140,TF,
ZNF141,TF,
ZNF142,TF,
ZNF143,TF,
ZNF146,TF,
ZNF148,TF,
ZNF154,TF,
ZNF155,TF,
ZNF157,TF,
ZNF16,TF,
ZNF160,TF,
ZNF161,TF,
ZNF165,TF,
ZNF167,TF,
ZNF169,TF,
ZNF17,TF,
ZNF174,TF,
ZNF175,TF,
ZNF177,TF,
ZNF18,TF,
ZNF180,TF,
ZNF181,TF,
ZNF182,TF,
ZNF184,TF,
ZNF187,TF,
ZNF189,TF,
ZNF19,TF,
ZNF192,TF,
ZNF193,TF,
ZNF195,TF,
ZNF197,TF,
ZNF2,TF,
ZNF20,TF,
ZNF200,TF,
ZNF202,TF,
ZNF205,TF,
ZNF206,TF,
ZNF207,TF,
ZNF208,TF,
ZNF211,TF,
ZNF212,TF,
ZNF213,TF,
ZNF214,TF,
ZNF215,TF,
ZNF217,TF,
ZNF219,TF,
ZNF22,TF,
ZNF221,TF,
ZNF222,TF,
ZNF223,TF,
ZNF224,TF,
ZNF225,TF,
ZNF226,TF,
ZNF227,TF,
ZNF228,TF,
ZNF229,TF,
ZNF23,TF,
ZNF230,TF,
ZNF232,TF,
ZNF233,TF,
ZNF234,TF,
ZNF235,TF,
ZNF236,TF,
ZNF238,TF,
ZNF239,TF,
ZNF24,TF,
ZNF248,TF,
ZNF25,TF,
ZNF250,TF,
ZNF251,TF,
ZNF252,TF,
ZNF253,TF,
ZNF254,TF,
ZNF256,TF,
ZNF257,TF,
ZNF26,TF,
ZNF260,TF,
ZNF263,TF,
ZNF264,TF,
ZNF265,TF,
ZNF266,TF,
ZNF267,TF,
ZNF268,TF,
ZNF271,TF,
ZNF272,TF,
ZNF273,TF,
ZNF274,TF,
ZNF275,TF,
ZNF276,TF,
ZNF277,TF,
ZNF278,TF,
ZNF28,TF,
ZNF280A,TF,
ZNF280B,TF,
ZNF280C,TF,
ZNF280D,TF,
ZNF281,TF,
ZNF282,TF,
ZNF283,TF,
ZNF284,TF,
ZNF285,TF,
ZNF285A,TF,
ZNF286,TF,
ZNF286A,TF,
ZNF287,TF,
ZNF292,TF,
ZNF295,TF,
ZNF296,TF,
ZNF297,TF,
ZNF297B,TF,
ZNF3,TF,
ZNF30,TF,
ZNF300,TF,
ZNF302,TF,
ZNF304,TF,
ZNF305,TF,
ZNF306,TF,
ZNF307,TF,
ZNF31,TF,
ZNF311,TF,
ZNF313,TF,
ZNF317,TF,
ZNF318,TF,
ZNF319,TF,
ZNF32,TF,
ZNF320,TF,
ZNF322A,TF,
ZNF322B,TF,
ZNF323,TF,
ZNF324,TF,
ZNF324B,TF,
ZNF326,TF,
ZNF329,TF,
ZNF331,TF,
ZNF333,TF,
ZNF334,TF,
ZNF335,TF,
ZNF336,TF,
ZNF337,TF,
ZNF339,TF,
ZNF33A,TF,
ZNF33B,TF,
ZNF34,TF,
ZNF341,TF,
ZNF342,TF,
ZNF343,TF,
ZNF345,TF,
ZNF347,TF,
ZNF35,TF,
ZNF350,TF,
ZNF354A,TF,
ZNF354B,TF,
ZNF354C,TF,
ZNF358,TF,
ZNF365,TF,
ZNF366,TF,
ZNF367,TF,
ZNF37A,TF,
ZNF38,TF,
ZNF382,TF,
ZNF383,TF,
ZNF384,TF,
ZNF385,TF,
ZNF385A,TF,
ZNF385B,TF,
ZNF385D,TF,
ZNF394,TF,
ZNF395,TF,
ZNF396,TF,
ZNF397,TF,
ZNF398,TF,
ZNF404,TF,
ZNF406,TF,
ZNF407,TF,
ZNF408,TF,
ZNF409,TF,
ZNF41,TF,
ZNF410,TF,
ZNF414,TF,
ZNF415,TF,
ZNF416,TF,
ZNF417,TF,
ZNF418,TF,
ZNF419,TF,
ZNF419A,TF,
ZNF419B,TF,
ZNF42,TF,
ZNF420,TF,
ZNF423,TF,
ZNF425,TF,
ZNF426,TF,
ZNF43,TF,
ZNF430,TF,
ZNF431,TF,
ZNF432,TF,
ZNF433,TF,
ZNF434,TF,
ZNF435,TF,
ZNF436,TF,
ZNF438,TF,
ZNF439,TF,
ZNF44,TF,
ZNF440,TF,
ZNF441,TF,
ZNF442,TF,
ZNF443,TF,
ZNF444,TF,
ZNF445,TF,
ZNF446,TF,
ZNF447,TF,
ZNF449,TF,
ZNF45,TF,
ZNF451,TF,
ZNF452,TF,
ZNF454,TF,
ZNF46,TF,
ZNF460,TF,
ZNF461,TF,
ZNF462,TF,
ZNF467,TF,
ZNF468,TF,
ZNF470,TF,
ZNF471,TF,
ZNF473,TF,
ZNF474,TF,
ZNF479,TF,
ZNF48,TF,
ZNF480,TF,
ZNF482,TF,
ZNF483,TF,
ZNF484,TF,
ZNF485,TF,
ZNF486,TF,
ZNF488,TF,
ZNF490,TF,
ZNF491,TF,
ZNF492,TF,
ZNF493,TF,
ZNF496,TF,
ZNF497,TF,
ZNF498,TF,
ZNF499,TF,
ZNF500,TF,
ZNF501,TF,
ZNF502,TF,
ZNF503,TF,
ZNF505,TF,
ZNF507,TF,
ZNF508,TF,
ZNF509,TF,
ZNF510,TF,
ZNF511,TF,
ZNF512,TF,
ZNF513,TF,
ZNF514,TF,
ZNF516,TF,
ZNF517,TF,
ZNF518,TF,
ZNF518A,TF,
ZNF519,TF,
ZNF521,TF,
ZNF524,TF,
ZNF526,TF,
ZNF527,TF,
ZNF528,TF,
ZNF529,TF,
ZNF530,TF,
ZNF532,TF,
ZNF533,TF,
ZNF534,TF,
ZNF536,TF,
ZNF537,TF,
ZNF539,TF,
ZNF540,TF,
ZNF541,TF,
ZNF542,TF,
ZNF543,TF,
ZNF544,TF,
ZNF545,TF,
ZNF546,TF,
ZNF547,TF,
ZNF548,TF,
ZNF549,TF,
ZNF550,TF,
ZNF551,TF,
ZNF552,TF,
ZNF553,TF,
ZNF554,TF,
ZNF555,TF,
ZNF556,TF,
ZNF557,TF,
ZNF558,TF,
ZNF559,TF,
ZNF56,TF,
ZNF560,TF,
ZNF561,TF,
ZNF562,TF,
ZNF563,TF,
ZNF564,TF,
ZNF565,TF,
ZNF566,TF,
ZNF567,TF,
ZNF568,TF,
ZNF569,TF,
ZNF57,TF,
ZNF570,TF,
ZNF571,TF,
ZNF572,TF,
ZNF573,TF,
ZNF574,TF,
ZNF575,TF,
ZNF576,TF,
ZNF577,TF,
ZNF578,TF,
ZNF579,TF,
ZNF580,TF,
ZNF581,TF,
ZNF582,TF,
ZNF583,TF,
ZNF584,TF,
ZNF585A,TF,
ZNF585B,TF,
ZNF586,TF,
ZNF587,TF,
ZNF588,TF,
ZNF589,TF,
ZNF592,TF,
ZNF593,TF,
ZNF595,TF,
ZNF596,TF,
ZNF597,TF,
ZNF599,TF,
ZNF600,TF,
ZNF605,TF,
ZNF606,TF,
ZNF607,TF,
ZNF608,TF,
ZNF609,TF,
ZNF610,TF,
ZNF611,TF,
ZNF613,TF,
ZNF614,TF,
ZNF615,TF,
ZNF616,TF,
ZNF618,TF,
ZNF619,TF,
ZNF620,TF,
ZNF621,TF,
ZNF622,TF,
ZNF623,TF,
ZNF624,TF,
ZNF625,TF,
ZNF626,TF,
ZNF627,TF,
ZNF628,TF,
ZNF629,TF,
ZNF638,TF,
ZNF639,TF,
ZNF641,TF,
ZNF642,TF,
ZNF643,TF,
ZNF644,TF,
ZNF645,TF,
ZNF646,TF,
ZNF648,TF,
ZNF649,TF,
ZNF652,TF,
ZNF653,TF,
ZNF654,TF,
ZNF655,TF,
ZNF658,TF,
ZNF658B,TF,
ZNF659,TF,
ZNF66,TF,
ZNF660,TF,
ZNF662,TF,
ZNF663,TF,
ZNF664,TF,
ZNF665,TF,
ZNF667,TF,
ZNF668,TF,
ZNF669,TF,
ZNF670,TF,
ZNF671,TF,
ZNF672,TF,
ZNF673,TF,
ZNF675,TF,
ZNF677,TF,
ZNF678,TF,
ZNF679,TF,
ZNF680,TF,
ZNF681,TF,
ZNF682,TF,
ZNF683,TF,
ZNF684,TF,
ZNF687,TF,
ZNF688,TF,
ZNF689,TF,
ZNF69,TF,
ZNF690,TF,
ZNF691,TF,
ZNF692,TF,
ZNF694,TF,
ZNF695,TF,
ZNF696,TF,
ZNF697,TF,
ZNF699,TF,
ZNF7,TF,
ZNF70,TF,
ZNF700,TF,
ZNF701,TF,
ZNF702,TF,
ZNF703,TF,
ZNF704,TF,
ZNF705A,TF,
ZNF705D,TF,
ZNF705F,TF,
ZNF706,TF,
ZNF707,TF,
ZNF708,TF,
ZNF709,TF,
ZNF71,TF,
ZNF710,TF,
ZNF711,TF,
ZNF713,TF,
ZNF714,TF,
ZNF718,TF,
ZNF721,TF,
ZNF734,TF,
ZNF74,TF,
ZNF740,TF,
ZNF746,TF,
ZNF747,TF,
ZNF749,TF,
ZNF75,TF,
ZNF750,TF,
ZNF75A,TF,
ZNF75D,TF,
ZNF76,TF,
ZNF761,TF,
ZNF763,TF,
ZNF764,TF,
ZNF765,TF,
ZNF766,TF,
ZNF768,TF,
ZNF77,TF,
ZNF771,TF,
ZNF772,TF,
ZNF775,TF,
ZNF776,TF,
ZNF777,TF,
ZNF778,TF,
ZNF780A,TF,
ZNF780B,TF,
ZNF781,TF,
ZNF782,TF,
ZNF783,TF,
ZNF784,TF,
ZNF785,TF,
ZNF786,TF,
ZNF787,TF,
ZNF79,TF,
ZNF790,TF,
ZNF791,TF,
ZNF792,TF,
ZNF793,TF,
ZNF8,TF,
ZNF80,TF,
ZNF81,TF,
ZNF823,TF,
ZNF83,TF,
ZNF830,TF,
ZNF839,TF,
ZNF84,TF,
ZNF85,TF,
ZNF9,TF,
ZNF90,TF,
ZNF91,TF,
ZNF92,TF,
ZNF93,TF,
ZNF96,TF,
ZNF99,TF,
ZNFN1A1,TF,
ZNFN1A2,TF,
ZNFN1A3,TF,
ZNFN1A4,TF,
ZNFX1,TF,
ZNHIT3,TF,
ZNRD1,TF,
ZNRF1,TF,
ZNRF2,TF,
ZRANB2,TF,
ZSCAN1,TF,
ZSCAN10,TF,
ZSCAN12,TF,
ZSCAN16,TF,
ZSCAN18,TF,
ZSCAN2,TF,
ZSCAN20,TF,
ZSCAN21,TF,
ZSCAN22,TF,
ZSCAN23,TF,
ZSCAN29,TF,
ZSCAN4,TF,
ZSCAN5,TF,
ZSCAN5A,TF,
ZSWIM2,TF,
ZXDA,TF,
ZXDB,TF,
ZXDC,TF,
ZZEF1,TF,
ZZZ3,TF,
5-mC,methylation,
AFF1,TF,
AFF4,TF,
AGO1,RNA binding,micro RNA binding
AGO2,RNA binding,micro RNA binding
AR,TF,androgen receptor
ARID1A,TF,
ARID2,TF,
ARID3A,TF,
ARNT,TF,
ARNTL,TF,
ASCL1,TF,
ATF2,TF,
ATF3,TF,
ATF4,TF,
ATF7,TF,
BACH1,TF,
BCL11A,TF,
BCL3,TF,
BCL6,TF,
BCLAF1,TF,transcriptional repressor that interacts with BCL2 family of proteins
BHLHE40,TF,
BMI1,TF,component of PRC1 for chromatin remodeling
BRCA1,TF, DNA repair
BRD2,chromatin modifier,
BRD3,chromatin modifier,
BRD4,chromatin modifier,
BRD9,TF,
BRF1,TF,
BRF2,TF,
BrdU,other,synthetic nucleoside - anolog of thymidine
CBFB,TF,
CBX1,chromatin modifier,
CBX5,chromatin modifier,enriched in heterochromatin and can bind to histone proteins via methylated lysine residues
CBX7,chromatin modifier,
CBX8,chromatin modifier,Component of a Polycomb group (PcG) for transcriptionally repressive state
CDK8,TF,
CDK9,TF,
CDKN1B,other,
CDX2,TF,
CEBPA,TF,
CEBPB,TF,
CEBPG,TF,
CEBPZ,TF,
CHAF1A,chromatin modifier,
CHD1,chromatin modifier, chromatin remodeling factor 
CHD2,TF,binds to promoters for chromatin remodeling and maybe promoting histone H3.3
CHD4,chromatin modifier,RNA polymerase II repressing
CHD7,TF,
CHD8,TF,
CREB1,TF,
CREBBP,TF,
CREM,TF,
CTBP1,TF,transcriptional corepressor that recognizes motif in BKLF domain
CTBP2,TF,
CTCF,TF,
CTCFL,TF,
CTNNB1,TF,
CUX1,TF,
DNMT3A,chromatin modifier,
DNMT3B,chromatin modifier,
DNase,chromatin accessibility,
DPF2,chromatin modifier,apoptotic response and hematopoietic cell growth
E2F1,TF,
E2F4,TF,
E2F6,TF,
E2F7,TF,
E2F8,TF,
E4F1,TF,
EGR1,TF,
EHF,TF,
EHMT2,chromatin modifier,methylates lysine residues of histone H3 for repression
ELF1,TF,
ELK1,TF,
ELL2,TF,
EP300,TF,binds to transcription factors transcriptional coactivator
EPAS1,TF,
ERG,TF,
ESR1,TF,
ESRRA,TF,
ETS1,TF,
EZH2,chromatin modifier,part of PRC2 complex
EZH2phosphoT487,chromatin modifier,EZH2 modified with phosphorylation at 487th serine
Epitope tags,other,
FLI1,TF,
FOS,TF,
FOSL1,TF,
FOSL2,TF,
FOXA1,TF,
FOXA2,TF,
FOXK1,TF,
FOXK2,TF,
FOXM1,TF,
FOXO1,TF,
FOXP1,TF,
FUS,TF,
GABPA,TF,
GATA1,TF,
GATA2,TF,
GATA3,TF,
GATA4,TF,
GATA6,TF,
GATAD2B,chromatin modifier,
GFP,other,
GRHL2,TF,
GTF2B,TF,
GTF2F1,TF,
H2A.X,histone,
H2A.XS139ph,histone,
H2A.Z,histone,
H2A.ZK4K7K11ac,histone modification,
H2A.Zac,histone modification,
H2AFZ,histone,
H2AK119Ub,histone modification,
H2AK120Ub,histone modification,
H2AK5ac,histone modification,
H2AZ,histone,
H2BK120ac,histone modification,
H2BK120ub1,histone modification,
H2BK12ac,histone modification,
H2BK15ac,histone modification,
H2BK5ac,histone modification,
H2Bub,histone,
H3,histone,
H3.3,histone,
H3F3A,histone,
H3K122ac,histone modification,
H3K14ac,histone modification,
H3K18ac,histone modification,
H3K23ac,histone modification,
H3K27ac,histone modification,
H3K27me1,histone modification,
H3K27me2,histone modification,
H3K27me3,histone modification,
H3K36ac,histone modification,
H3K36me2,histone modification,
H3K36me3,histone modification,
H3K4ac,histone modification,
H3K4me1,histone modification,
H3K4me2,histone modification,
H3K4me3,histone modification,
H3K56ac,histone modification,
H3K79me1,histone modification,
H3K79me2,histone modification,
H3K79me3,histone modification,
H3K9K14ac,histone modification,
H3K9ac,histone modification,
H3K9me1,histone modification,
H3K9me2,histone modification,
H3K9me3,histone modification,
H3ac,histone modification,
H4,histone,
H4K12ac,histone modification,
H4K16ac,histone modification,
H4K20me1,histone modification,
H4K20me2,histone modification,
H4K20me3,histone modification,
H4K5K8K12K16ac,histone modification,
H4K5ac,histone modification,
H4K8ac,histone modification,
H4K91ac,histone modification,
H4ac,histone modification,
HCFC1,TF,control of cell cycle
HDAC1,chromatin modifier,
HDAC2,chromatin modifier,deacetylation of lysine residues at the N-terminal regions of core histones 
HDAC3,chromatin modifier,
HDAC6,chromatin modifier,
HDGF,TF, growth factor
HEY1,TF,
HIF1A,TF,
HIRA,chromatin modifier,
HNF1B,TF,
HNF4A,TF,
HNF4G,TF,
HNRNPK,RNA binding,
HNRNPL,RNA binding,
HOXA9,TF,
HOXB8,TF,
HSF1,TF,
IKZF1,TF,
INO80,chromatin modifier,
INTS13,other,
IRF1,TF,
IRF2,TF,
IRF3,TF,
IRF4,TF,
JARID2,chromatin modifier,
JMJD1C,TF,histone demethylase
JMJD6,chromatin modifier,histone demethylase
JUN,TF,
JUNB,TF,
JUND,TF,
KAT2A,chromatin modifier,histone acetyltransferase
KAT2B,chromatin modifier,histone acetyltransferase
KAT7,TF,
KDM1A,chromatin modifier,TF-silences genes by functioning as a histone demethylase
KDM2B,TF,
KDM5A,TF,demethylates lysine 4 of histone H3
KDM5B,chromatin modifier,TF
KDM6A,chromatin modifier,TF
KLF4,TF,
KLF5,TF,
KMT2A,TF,
KMT2D,TF,
LARP7,TF,part of 7SK snRNP (small nuclear ribonucleoprotein) required fro paused RNA pol II
LDB1,TF,
LMNA,lamin,
LMNB1,lamin,
LMO2,TF,
LYL1,TF,
MAFF,TF,
MAFK,TF,
MAPK1,kinase,
MAX,TF,
MAZ,TF,
MBD3,chromatin modifier,TF
MCM2,TF,
MECP2,chromatin modifier,TF
MED1,TF,ESC transcription factor
MED26,TF,
MEF2A,TF,
MEF2B,TF,
MEF2C,TF,
MEN1,TF,
MITF,TF,
MLLT1,TF,Component of the super elongation complex (SEC) to increase rate of RNA pol II transcription by repressing polymerase pausingg
MLLT3,TF,elongation compleex
MNT,TF,
MTA1,chromatin modifier,TF
MTA2,chromatin modifier,TF-component of NuRD (nucleosome remodeling deacetylase complex)
MTA3,chromatin modifier,TF
MXI1,TF,
MYBL2,TF,
MYC,TF,
MYCN,TF,
MYOD1,TF,
MYOG,TF,
NAB2,TF,
NANOG,TF,
NBN,TF,damaged DNA binding
NCOA1,TF,
NCOR1,TF,
NELFA,other,elongation factor
NELFE,other,elongation factor
NFATC1,TF,
NFE2,TF,
NFE2L2,TF,
NFIC,TF,
NFKB1,TF,
NFRKB,TF,component of chromatin remodeling INO90 complex
NFXL1,TF,
NFYA,TF,
NFYB,TF,
NIPBL,chromatin modifier,
NONO,TF, also RNA binding
NR1H2,TF,
NR2C2,TF,
NR2F1,TF,
NR2F2,TF,
NR3C1,TF,
NR4A1,TF,
NR5A2,TF,
NRF1,TF,
NUP98,other,
O-GlcNAc,other,protein modification
OTX2,TF,
PAX5,TF,
PBX3,TF,
PCGF2,TF,
PGR,TF,
PHF8,chromatin modifier,histone demethylase
PKNOX1,TF,
PML,TF,
POLR2A,RNA polymerase, largest subunit of RNA pol
POLR2AphosphoS2,RNA polymerase, largest subunit of RNA pol
POLR2AphosphoS5,RNA polymerase, largest subunit of RNA pol
POLR2C,RNA polymerase,
POU2F1,TF,
POU5F1,TF,
PPARG,TF,
PRDM1,chromatin modifier,TF
PRKCQ,kinase,
PROX1,TF,
RAD21,TF,DNA repair
RAD51,TF,DNA repair
RARA,TF,
RB1,TF,
RBBP5,TF, also histone methyltransferase
RBPJ,TF,
RCOR1,TF,BHC complex
RELA,TF,
RELB,TF,
REST,TF,
RFX1,TF,
RFX5,TF,
RNF2,chromatin modifier,transcription repression PcG complex
RUNX1,TF,
RUNX1T1,TF,
RXRA,TF,
RYBP,TF,
SFPQ,TF,splicing factor
SIN3A,chromatin modifier,transcriptional regulatory protein
SIRT6,chromatin modifier,
SIX5,TF,
SMAD1,TF,
SMAD2,TF,
SMAD3,TF,
SMARCA2,chromatin modifier,
SMARCA4,chromatin modifier,chromatin remodeling ATPase
SMARCA5,chromatin modifier,SWI/SNF Related chromatin remodeling
SMARCB1,chromatin modifier,
SMARCC1,chromatin modifier,
SMARCC2,chromatin modifier,SWI/SNF Related chromatin remodeling
SMARCE1,chromatin modifier,SWI/SNF Related chromatin remodeling
SMC1A,chromatin modifier,
SMC3,chromatin modifier,chromatin segregation
SNAI2,TF,
SOX2,TF,
SP1,TF,
SP2,TF,
SPI1,TF,
SREBF1,TF,
SREBF2,TF,
SRF,TF,
STAG1,chromatin modifier,
STAT1,TF,
STAT3,TF,
STAT5A,TF,
SUMO2,chromatin modifier,
SUPT5H,TF,elongation factor
SUZ12,chromatin modifier,
TAF1,TF,
TAF15,TF,
TAL1,TF,
TARDBP,TF,
TBL1XR1,TF,histone deacetylase and nuclear corepressor
TBP,TF,
TCF12,TF,
TCF3,TF,
TCF7,TF,
TCF7L2,TF,
TEAD1,TF,
TEAD4,TF,
TERF1,TF,
TERF2,TF,
TET2,TF,
TFAP2A,TF,
TFAP2C,TF,
THAP11,TF,
TOE1,TF,
TP53,TF,
TP53BP1,TF,
TP63,TF,
TRIM22,TF,   
TRIM24,TF,
TRIM28,TF,
TRPS1,TF,
UBTF,TF,
USF1,TF,
USF2,TF,
USP7,other,ubiquitin specific protease
VDR,TF,
WDR5,chromatin modifier,methyltransferase-subunit of H3K4 methyltransferase
XBP1,TF,
XPO1,other,
XRCC5,TF,
YAP1,TF,
YBX1,TF,
YY1,TF,
ZBTB17,TF,
ZBTB33,TF,
ZBTB40,TF,
ZBTB7A,TF,
ZEB1,TF,
ZFP36,TF, also RNA binding
ZFX,TF,
ZKSCAN1,TF,
ZMYND8,chromatin modifier,
ZNF143,TF,
ZNF207,TF,
ZNF24,TF,
ZNF263,TF,
ZNF274,TF,
ZNF384,TF,
ZNF592,TF,
ZZZ3,TF,
macroH2A1,histone,
ASH2L,TF,
ATF1,TF,
CBX2,chromatin modifier,
CBX3,chromatin modifier,
CCAR2,other,
COPS2,TF,
CSDE1,other,
DDX20,other,
ELF4,TF,
ETV6,TF,
FIP1L1,other,
GABPB1,TF,
GATAD2A,chromatin modifier,
H2BK20ac,histone modification,
H3K23me2,histone modification,
HES1,TF,
HNRNPH1,other,
HNRNPLL,other,
HNRNPUL1,other,
KAT8,other,
KLF16,TF,
KLF9,TF,
L3MBTL2,TF,
LEF1,TF,
MBD2,chromatin modifier,
NEUROD1,TF,
NFATC3,TF,
NKRF,TF,
NR2C1,TF,
NR2F6,TF,
PAX8,TF,
PBX2,TF,
PCBP1,other,
PCBP2,other,
PHB2,TF,
POLR2G,RNA polymerase,
PRPF4,other,
PTBP1,other,
RBFOX2,other,
RBM22,other,
RBM39,other,
SAP30,chromatin modifier,
SIN3B,chromatin modifier,
SKIL,TF,
SMAD5,TF,
SNIP1,other,
SNRNP70,other,
SOX6,TF,
SRSF1,other,
SRSF9,other,
SUPT20H,other,
TAF7,TF,
TFDP1,TF,
U2AF1,other,
U2AF2,other,
ZBED1,TF,
ZBTB11,TF,
ZC3H11A,other,
ZHX1,TF,
ZHX2,TF,
ZKSCAN8,TF,
ZMYM3,other,
ZNF217,TF,
ZNF282,TF,
ZNF507,TF,
ZNF639,TF,
ZNF644,TF,
ZNF687,TF,
ZSCAN29,TF,
